{
  "project_info": {
    "project_number": "887530647180",
    "firebase_url": "https://roncadin-application-default-rtdb.europe-west1.firebasedatabase.app",
    "project_id": "roncadin-application",
    "storage_bucket": "roncadin-application.appspot.com"
  },
  "client": [
    {
      "client_info": {
        "mobilesdk_app_id": "1:887530647180:android:87d3391de32ee9b1afd5a9",
        "android_client_info": {
          "package_name": "com.example.roncadin_app"
        }
      },
      "oauth_client": [
        {
          "client_id": "887530647180-s0sp5llc1nslt7eoj5c1282n310ch0cu.apps.googleusercontent.com",
          "client_type": 3
        }
      ],
      "api_key": [
        {
          "current_key": "AIzaSyDTWunsc6ggPYllz7qzBjzU5jsZDY_IHrk"
        }
      ],
      "services": {
        "appinvite_service": {
          "other_platform_oauth_client": [
            {
              "client_id": "887530647180-s0sp5llc1nslt7eoj5c1282n310ch0cu.apps.googleusercontent.com",
              "client_type": 3
            }
          ]
        }
      }
    }
  ],
  "configuration_version": "1"
}